ADMIN_UNIT,DISTRICT,ALL_SEXES,MALE,FEMALE,TRANSGENDER,AVG_HH_SIZE
LAHORE METROPOLITAN CORPORATION (Part of Lahore City
Tehsil),LAHORE DISTRICT,4123354,2203776,1917723,1855,6.56
FAISALABAD MUNICIPAL CORPORATION,FAISALABAD DISTRICT,3691999,1929282,1762119,598,6.63
Tehsil),LAHORE DISTRICT,3244906,1687860,1556362,684,6.59
LAHORE METROPOLITAN CORPORATION (Part of Shalimar Tehsil),LAHORE DISTRICT,2670140,1402623,1267311,206,6.33
GUJRANWALA METROPOLITAN CORPORATION,GUJRANWALA DISTRICT,2511118,1290348,1220560,210,7.05
RAWALPINDI METROPOLITAN CORPORATION,RAWALPINDI DISTRICT,2284014,1188098,1095271,645,6.40
MULTAN MUNICIPAL CORPORATION,MULTAN DISTRICT,2169915,1111731,1057941,243,6.15
PESHAWAR MUNICIPAL CORPORATION,PESHAWAR DISTRICT,1837741,943369,894216,156,6.94
Sub-Division),KORANGI DISTRICT,1306183,690431,615532,220,6.61
Ferozabad Sub-Division),KARACHI EAST DISTRICT,1167692,627873,539635,184,6.46
KARACHI CENTRAL,DISTRICT,1165742,611178,554387,177,5.93
ISLAMABAD METROPOLITAN CORPORATION,ISLAMABAD DISTRICT,1108872,591589,517063,220,5.99
LAHORE METROPOLITAN CORPORATION (Part of Raiwind Tehsil),LAHORE DISTRICT,1080637,581873,498419,345,6.33
City),QUETTA DISTRICT,1077191,547883,529236,72,9.05
Gulzar-e-Hijri Sub-Division),KARACHI EAST DISTRICT,1030199,556103,474019,77,5.78
KARACHI WEST,DISTRICT,1000708,525476,475118,114,5.74
KARACHI SOUTH,DISTRICT,949878,497768,451993,117,5.69
Sub-Division),KEAMARI DISTRICT,948597,498168,450326,103,6.40
KARACHI CENTRAL,DISTRICT,922413,486229,436037,147,5.98
SIALKOT MUNICIPAL CORPORATION,SIALKOT DISTRICT,835337,428363,406499,475,6.48
KARACHI WEST,DISTRICT,832801,440500,392253,48,5.48
BAHAWALPUR METROPOLITAN CORPORATION,BAHAWALPUR DISTRICT,815202,414878,400222,102,6.17
WALTON CANTONMENT,LAHORE DISTRICT,810739,432481,378089,169,6.25
SARGODHA MUNICIPAL CORPORATION,SARGODHA DISTRICT,785698,399998,385528,172,6.31
HYDERABAD MUNICIPAL CORPORATION (Part of Latifabad Taluka),HYDERABAD DISTRICT,761793,401569,360144,80,5.20
RAWALPINDI CANTONMENT,RAWALPINDI DISTRICT,740483,381028,359085,370,6.40
Taluka),HYDERABAD DISTRICT,725305,381440,343806,59,5.58
Gulshan-e-Iqbal Sub-Division),KARACHI EAST DISTRICT,690029,359780,330138,111,5.49
Sub-Division),KORANGI DISTRICT,681294,357792,323409,93,5.88
Sub-Division),MALIR DISTRICT,668304,357027,311213,64,6.31
Jamshed Quarters Sub-Division),KARACHI EAST DISTRICT,640437,338518,301882,37,6.24
Cantonment Tehsil),LAHORE DISTRICT,631045,338708,292308,29,6.66
KARACHI CENTRAL,DISTRICT,613724,327979,285684,61,5.75
Faisal Sub-Division),KORANGI DISTRICT,611830,323763,287745,322,6.92
JHANG MC,JHANG DISTRICT,606533,313701,292738,94,6.03
KARACHI WEST,DISTRICT,596919,316870,280021,28,6.27
SHEIKHUPURA MC,SHEIKHUPURA DISTRICT,591424,302363,288970,91,6.64
GUJRAT METROPOLITAN CORPORATION,GUJRAT DISTRICT,574240,288451,285738,51,6.28
KARACHI CENTRAL,DISTRICT,572740,304391,268273,76,5.95
LARKANA MUNICIPAL CORPORATION,LARKANA DISTRICT,551716,291199,260450,67,5.56
KARACHI CENTRAL,DISTRICT,547706,289338,258266,102,5.61
SAHIWAL METROPOLITAN CORPORATION,SAHIWAL DISTRICT,538344,272994,265316,34,6.17
OKARA MUNICIPAL CORPORATION,OKARA DISTRICT,533693,269736,263843,114,6.29
RAHIM YAR KHAN,DISTRICT,519261,269017,250144,100,6.26
KASUR MC,KASUR DISTRICT,510875,260495,250275,105,6.05
KARACHI SOUTH,DISTRICT,502819,263232,239546,41,5.60
DERA GHAZI KHAN,DISTRICT,494464,250699,243723,42,7.11
Sub-Division),KEAMARI DISTRICT,449120,243781,205303,36,6.90
Sub-Division),KEAMARI DISTRICT,448845,241498,207297,50,6.60
LAHORE CANTONMENT,LAHORE DISTRICT,443314,234480,208746,88,6.15
Colony Sub-Division),KORANGI DISTRICT,441791,231579,210184,28,5.78
WAH CANTONMENT,RAWALPINDI DISTRICT,400733,202037,198670,26,5.81
MARDAN MC,MARDAN DISTRICT,363788,188825,174929,34,6.74
SHAHEED,BENAZIRABAD DISTRICT,363138,184389,178728,21,6.08
BUREWALA MC,VEHARI DISTRICT,361664,180745,180814,105,6.33
MINGORA MC,SWAT DISTRICT,361112,188817,172249,46,6.54
QASIMABAD MC,HYDERABAD DISTRICT,335758,182586,153157,15,5.45
CHAKLALA CANTONMENT,RAWALPINDI DISTRICT,333115,171765,161200,150,6.04
HAFIZABAD MC,HAFIZABAD DISTRICT,318621,161639,156958,24,6.59
CHINIOT MC,CHINIOT DISTRICT,318165,161776,156337,52,6.04
SUKKUR MUNICIPAL CORPORATION (Part of New Sukkur Taluka),SUKKUR DISTRICT,296743,157014,139702,27,6.77
KAMOKE MUNICIPAL CORPORATION,GUJRANWALA DISTRICT,292023,147616,144375,32,6.88
JHELUM MUNICIPAL CORPORATION,JHELUM DISTRICT,291022,148656,142340,26,5.90
FAISAL CANTONMENT (Part of Gulshan-e-Iqbal Sub-Division),KARACHI EAST DISTRICT,289473,148990,140467,16,5.40
KHANEWAL MC,KHANEWAL DISTRICT,281890,145455,136396,39,6.16
KARACHI SOUTH,DISTRICT,281003,157614,123209,180,5.57
RAHIM YAR KHAN,DISTRICT,274210,140532,133631,47,6.18
TURBAT MUNICIPAL CORPORATION,KECH DISTRICT,268625,142301,126301,23,4.64
MIRPUR KHAS MC,MIRPUR KHAS DISTRICT,267833,140040,127748,45,5.86
SUKKUR MUNICIPAL CORPORATION (Part of Sukkur City Taluka),SUKKUR DISTRICT,267108,141007,126087,14,6.70
MURIDKE MC,SHEIKHUPURA DISTRICT,254291,128616,125638,37,6.78
RAHIM YAR KHAN,DISTRICT,247170,128637,118473,60,6.61
BAHAWALNAGAR,DISTRICT,241873,126278,115532,63,6.12
KARACHI SOUTH,DISTRICT,237224,128413,108806,5,5.32
MUZAFFARGARH,DISTRICT,235541,122011,113528,2,6.58
MANDI BAHAUDDIN,DISTRICT,232361,117361,114963,37,6.31
DASKA MC,SIALKOT DISTRICT,228626,116384,112190,52,6.72
PAKPATTAN MC,PAKPATTAN DISTRICT,221280,111128,110106,46,5.93
JACOBABAD MC,JACOBABAD DISTRICT,219315,111228,108040,47,6.50
Sub-Division),KEAMARI DISTRICT,218933,115614,103296,23,5.86
CHAKWAL MC,CHAKWAL DISTRICT,218356,108856,109453,47,6.17
KHUZDAR MUNICIPAL CORPORATION,KHUZDAR DISTRICT,218112,115851,102255,6,7.09
TOBA TEK SINGH,DISTRICT,214349,110064,104251,34,6.34
DERA ISMAIL KHAN,DISTRICT,213756,112128,101494,134,6.14
VEHARI MC,VEHARI DISTRICT,210288,106178,104053,57,6.25
SHIKARPUR MC,SHIKARPUR DISTRICT,204938,102051,102876,11,6.06
KOHAT MC,KOHAT DISTRICT,204829,106140,98675,14,6.70
Memon Sub-Division),MALIR DISTRICT,203203,105197,97991,15,5.02
KARACHI SOUTH,DISTRICT,196813,106410,90387,16,4.43
AHMADPUR EAST MC,BAHAWALPUR DISTRICT,196618,100591,95929,98,6.57
HUB MC,LASBELA DISTRICT,195661,99983,95672,6,6.49
BAHAWALNAGAR,DISTRICT,192403,99585,92765,53,6.09
KHAIRPUR MC,KHAIRPUR DISTRICT,191044,95332,95685,27,5.28
SARGODHA CANTONMENT,SARGODHA DISTRICT,190188,95427,94737,24,6.54
DADU MC,DADU DISTRICT,188317,95044,93258,15,5.39
SAMMUNDARI MC,FAISALABAD DISTRICT,186371,95090,91258,23,6.01
FEROZEWALA MC,SHEIKHUPURA DISTRICT,177238,92249,84917,72,7.01
TANDO ADAM MC,SANGHAR DISTRICT,174291,88628,85635,28,6.05
TANDO ALLAHYAR,DISTRICT,171185,86436,84737,12,5.49
JARANWALA MC,FAISALABAD DISTRICT,170872,88091,82769,12,6.37
BOLHARI MC,JAMSHORO DISTRICT,169613,87737,81865,11,5.47
HASILPUR MC,BAHAWALPUR DISTRICT,168146,83829,84287,30,5.97
TOBA TEK SINGH,DISTRICT,166617,85282,81294,41,6.00
KOT ABDUL MALIK MC,SHEIKHUPURA DISTRICT,162030,86203,75810,17,6.81
ABBOTTABAD CANTONMENT,ABBOTTABAD DISTRICT,159683,80941,78718,24,6.57
ARIF WALA MC,PAKPATTAN DISTRICT,157063,80449,76568,46,6.27
GUJRANWALA CANTONMENT,GUJRANWALA DISTRICT,156929,77936,78987,6,6.80
SWABI MC,SWABI DISTRICT,156496,78524,77956,16,7.34
JAMPUR MC,RAJANPUR DISTRICT,155243,77594,77577,72,6.36
MUZAFFARGARH,DISTRICT,155196,77788,77396,12,6.02
WAZIRABAD MC,GUJRANWALA DISTRICT,152624,76033,76493,98,6.60
LAYYAH MC,LAYYAH DISTRICT,151274,77518,73748,8,5.72
SHUJABAD MC,MULTAN DISTRICT,151115,76683,74425,7,5.70
BAHAWALNAGAR,DISTRICT,149679,77193,72422,64,6.24
JALALPUR JATTAN MC,GUJRAT DISTRICT,146743,73031,73698,14,6.34
UMERKOT MC,UMER KOT DISTRICT,144558,75407,69144,7,4.82
LODHRAN MC,LODHRAN DISTRICT,144512,74310,70171,31,6.05
ATTOCK MC,ATTOCK DISTRICT,142826,72209,70594,23,6.03
NAUSHAHRO FEROZE,DISTRICT,142685,72300,70368,17,5.78
MUZAFFARGARH,DISTRICT,142161,70879,71268,14,5.61
MIAN CHANNU MC,KHANEWAL DISTRICT,140112,70808,69258,46,5.76
KHUSHAB MC,KHUSHAB DISTRICT,139905,72585,67315,5,5.98
RAJANPUR MC,RAJANPUR DISTRICT,137553,69391,68150,12,6.56
MANSEHRA MC,MANSEHRA DISTRICT,137278,70453,66763,62,5.80
KABAL MC,SWAT DISTRICT,132549,69600,62945,4,6.65
BHAKKAR MC,BHAKKAR DISTRICT,131658,68590,63048,20,6.26
NAROWAL MC,NAROWAL DISTRICT,130692,66322,64362,8,6.41
CHAMAN MUNICIPAL CORPORATION,CHAMAN DISTRICT,130139,71528,58610,1,6.81
MIANWALI MC,MIANWALI DISTRICT,129500,66845,62641,14,5.34
SHAKARGARH MC,NAROWAL DISTRICT,126742,64480,62250,12,6.46
MAILSI MC,VEHARI DISTRICT,125431,63820,61579,32,6.22
TOBA TEK SINGH,DISTRICT,123102,62634,60438,30,6.20
DEPALPUR MC,OKARA DISTRICT,122759,61722,61005,32,6.12
HAVELI LAKHA WASAWEWALA MC,OKARA DISTRICT,122389,61699,60645,45,6.07
LALA MUSA MC,GUJRAT DISTRICT,121036,60130,60884,22,6.33
KAMBAR SHAHDAD KOT,DISTRICT,120687,62708,57967,12,5.73
CHARSADDA MC,CHARSADDA DISTRICT,120170,62357,57811,2,6.82
GHOTKI MC,GHOTKI DISTRICT,119879,62102,57767,10,5.47
SAMBRIAL MC,SIALKOT DISTRICT,119571,60830,58701,40,6.06
BHALWAL MC,SARGODHA DISTRICT,117982,58494,59478,10,5.55
BADIN MC,BADIN DISTRICT,117455,60962,56485,8,5.04
Division),MALIR DISTRICT,117300,60997,56286,17,6.14
DERA GHAZI KHAN,DISTRICT,115704,58932,56760,12,6.02
BARRI KOT MC,SWAT DISTRICT,115045,56889,58154,2,6.66
PHOOL NAGAR MC,KASUR DISTRICT,114530,58429,56066,35,6.39
TANDO MUHAMMAD,KHAN DISTRICT,114406,59294,55099,13,5.11
PATTOKI MC,KASUR DISTRICT,113735,56964,56751,20,5.90
SHAHDADPUR MC,SANGHAR DISTRICT,113342,56813,56505,24,5.98
JAUHARABAD MC,KHUSHAB DISTRICT,113188,58727,54448,13,6.43
KAMBAR SHAHDAD KOT,DISTRICT,112313,58272,54032,9,5.85
CHICHAWATNI MC,SAHIWAL DISTRICT,112191,56784,55391,16,6.31
FAROOQ ABAD MC,SHEIKHUPURA DISTRICT,109717,54817,54892,8,6.57
PISHIN MUNICIPAL CORPORATION,PISHIN DISTRICT,107646,55613,52027,6,5.08
DERA MURAD JAMALI MC,NASIRABAD DISTRICT,106952,53432,53518,2,7.49
KOTRI MC,JAMSHORO DISTRICT,106615,54326,52279,10,5.14
MALIR CANTONMENT (Part of Airport Sub-Division),MALIR DISTRICT,106089,53829,52248,12,5.75
NANKANA SAHIB,DISTRICT,103709,51704,51992,13,6.44
GUJAR KHAN MC,RAWALPINDI DISTRICT,103284,51338,51856,90,6.23
PASRUR MC,SIALKOT DISTRICT,102717,52364,50286,67,6.64
SHABQADAR MC,CHARSADDA DISTRICT,102340,53600,48739,1,6.73
KOT RADHA KISHAN MC,KASUR DISTRICT,102057,52059,49988,10,6.60
RENALA KHURD MC,OKARA DISTRICT,100054,50820,49214,20,6.65
KANDHKOT MC,KASHMORE DISTRICT,99155,48336,50818,1,5.47
UCH SHARIF MC,BAHAWALPUR DISTRICT,98852,50041,48800,11,7.15
DERA ALLAH YAR MUNICIPAL CORPORATION,JAFFARABAD DISTRICT,98761,50744,48015,2,9.14
FAZALPUR MC,RAJANPUR DISTRICT,98627,49712,48912,3,6.37
KAHROR PACCA MC,LODHRAN DISTRICT,98325,50621,47687,17,5.36
DIJKOT MC,FAISALABAD DISTRICT,96934,49651,47280,3,6.24
KHURIAN WALA MC,FAISALABAD DISTRICT,96743,52628,44100,15,6.51
HUJRA SHAH MUQEEM MC,OKARA DISTRICT,95921,48283,47634,4,6.04
NANKANA SAHIB,DISTRICT,94988,47397,47579,12,6.36
DINGA MC,GUJRAT DISTRICT,94252,47009,47231,12,6.78
ROHRI MC,SUKKUR DISTRICT,92135,50284,41843,8,7.43
KABIRWALA MC,KHANEWAL DISTRICT,91932,47230,44631,71,6.61
HARIPUR MC,HARIPUR DISTRICT,91915,46903,44983,29,5.91
KUNJAH MC,GUJRAT DISTRICT,90905,46030,44869,6,6.64
DAHARKI TC,GHOTKI DISTRICT,90177,46863,43311,3,5.51
JALALPUR PIRWALA MC,MULTAN DISTRICT,89679,44966,44702,11,5.98
NANKANA SAHIB,DISTRICT,89638,45224,44395,19,6.32
BAHAWALPUR CANTONMENT,BAHAWALPUR DISTRICT,88593,46443,42145,5,6.83
THUL MC,JACOBABAD DISTRICT,88554,45022,43524,8,5.91
NOWSHERA KALAN MC,NOWSHERA DISTRICT,88472,44985,43485,2,6.30
MALIR CANTONMENT (Part of Gulzar-e-Hijri Sub-Division),KARACHI EAST DISTRICT,88335,45301,43033,1,5.70
JAMSHORO TC,JAMSHORO DISTRICT,88190,45457,42713,20,6.22
CHUNIAN MC,KASUR DISTRICT,87547,43813,43721,13,5.86
NAUSHAHRO FEROZE,DISTRICT,87416,43967,43443,6,5.75
CHOWK AZAM MC,LAYYAH DISTRICT,87376,44572,42796,8,6.20
DINA MC,JHELUM DISTRICT,84629,43478,41107,44,6.06
BAHAWALNAGAR,DISTRICT,83192,43584,39591,17,6.52
RATODERO MC,LARKANA DISTRICT,81935,42224,39703,8,5.48
MUSTAFABAD MC,KASUR DISTRICT,81550,41623,39905,22,6.25
FATEH JANG MC,ATTOCK DISTRICT,81321,41020,40289,12,6.46
KHARAN MC,KHARAN DISTRICT,80806,44352,36448,6,7.33
GHAKKHAR MC,GUJRANWALA DISTRICT,80320,40467,39851,2,6.62
ALAHABAD MC,KASUR DISTRICT,80097,40730,39330,37,5.97
SUI MC,DERA BUGTI DISTRICT,79567,42005,37561,1,5.53
TALAGANG MC,CHAKWAL DISTRICT,79431,40147,39274,10,5.75
RAHIM YAR KHAN,DISTRICT,76979,40226,36707,46,7.32
ALI PUR CHATHA MC,GUJRANWALA DISTRICT,76964,38516,38433,15,7.09
PANO AQIL TC,SUKKUR DISTRICT,76942,40270,36667,5,5.22
BEHRAIN MC,SWAT DISTRICT,76728,38966,37760,2,7.25
SIALKOT CANTONMENT,SIALKOT DISTRICT,76480,40428,36030,22,8.42
DERA ISMAIL KHAN,DISTRICT,76027,39676,36348,3,6.62
TAXILA MC,RAWALPINDI DISTRICT,75444,38040,37392,12,6.01
KAHUTA MC,RAWALPINDI DISTRICT,75349,37075,38273,1,5.49
SEHWAN TC,JAMSHORO DISTRICT,75167,38755,36400,12,5.40
ABBOTTABAD MC,ABBOTTABAD DISTRICT,74712,38073,36625,14,5.80
MIRPUR MATHELO MC,GHOTKI DISTRICT,74651,38879,35768,4,5.26
QILA DIDAR SINGH MC,GUJRANWALA DISTRICT,74523,37191,37329,3,6.44
KOT MITHAN MC,RAJANPUR DISTRICT,74479,36983,37489,7,6.51
MATLI MC,BADIN DISTRICT,74402,38757,35629,16,5.00
TANDO JAM MC,HYDERABAD DISTRICT,74303,38912,35387,4,5.54
SANGHAR MC,SANGHAR DISTRICT,74112,37254,36852,6,6.06
MUZAFFARGARH,DISTRICT,74095,37798,36293,4,6.97
SARAI ALAMGIR MC,GUJRAT DISTRICT,73967,36696,37267,4,6.47
MALAKAND PROTECTED,AREA,73525,38349,35170,6,7.11
HALA MC,MATIARI DISTRICT,71094,35899,35185,10,5.44
BHERA MC,SARGODHA DISTRICT,70921,35785,35131,5,5.76
GWADAR MC,GWADAR DISTRICT,70852,37578,33266,8,5.05
LAKKI MARWAT,DISTRICT,70759,35929,34829,1,6.96
HASAN ABDAL MC,ATTOCK DISTRICT,69529,35579,33938,12,6.33
BULAIDA MC,KECH DISTRICT,68752,35953,32747,52,4.50
DARYA KHAN MC,BHAKKAR DISTRICT,68622,35382,33222,18,5.87
KARACHI SOUTH,DISTRICT,68097,35821,32266,10,5.96
ABDUL HAKIM TC,KHANEWAL DISTRICT,67501,34697,32742,62,6.39
BAHAWALNAGAR,DISTRICT,67164,34763,32399,2,6.14
NARANG MANDI MC,SHEIKHUPURA DISTRICT,67137,34092,33040,5,7.26
MEHAR MC,DADU DISTRICT,67082,33558,33504,20,5.05
RAHIM YAR KHAN,DISTRICT,66933,34505,32368,60,6.44
PINDI BHATTIAN MC,HAFIZABAD DISTRICT,66511,33515,32991,5,6.34
RAJA JANG MC,KASUR DISTRICT,66404,34193,32208,3,6.60
TASP MC,PANJGUR DISTRICT,66030,37944,28079,7,3.68
OKARA CANTONMENT,OKARA DISTRICT,65590,35270,30315,5,6.65
BASIRPUR TC,OKARA DISTRICT,65541,33587,31940,14,5.90
USTA MUHAMMAD MUNICIPAL CORPORATION,JAFFARABAD DISTRICT,64632,32207,32419,6,8.08
KASHMORE TC,KASHMORE DISTRICT,63984,32323,31645,16,5.87
PESHAWAR CANTONMENT,PESHAWAR DISTRICT,63978,34308,29669,1,6.17
PINDI GHEB MC,ATTOCK DISTRICT,63810,32561,31241,8,6.04
MUZAFFARGARH,DISTRICT,63421,31489,31931,1,5.98
KOT MOMIN MC,SARGODHA DISTRICT,63411,32310,31091,10,6.63
MANDI BAHAUDDIN,DISTRICT,62453,31161,31288,4,6.34
MUZAFFARGARH,DISTRICT,62184,31432,30745,7,6.06
BAHAWALNAGAR,DISTRICT,61586,32181,29389,16,6.40
TAXILA CANTONMENT,RAWALPINDI DISTRICT,61456,31905,29550,1,5.97
KALLAR SYEDAN MC,RAWALPINDI DISTRICT,60941,29284,31649,8,5.99
YAZMAN MC,BAHAWALPUR DISTRICT,60738,30180,30539,19,6.04
CHAK JHUMRA MC,FAISALABAD DISTRICT,60131,30948,29177,6,6.41
DERA GHAZI KHAN,DISTRICT,59870,29711,30129,30,7.64
GAMBAT MC,KHAIRPUR DISTRICT,59790,30018,29758,14,6.09
NOWSHERA VIRKAN MC,GUJRANWALA DISTRICT,59639,30293,29336,10,7.50
KHIPRO TC,SANGHAR DISTRICT,58307,29734,28567,6,5.95
NAUSHAHRO FEROZE,DISTRICT,57978,29397,28572,9,5.62
SAHIWAL MC,SARGODHA DISTRICT,57374,29096,28272,6,6.14
KHAWAZA KHELA MC,SWAT DISTRICT,57113,29722,27387,4,7.09
JEHANGIRA MC,NOWSHERA DISTRICT,57011,28735,28275,1,6.10
CHAUBARA MC,LAYYAH DISTRICT,57002,29674,27325,3,6.60
LORALAI MC,LORALAI DISTRICT,56613,29553,27059,1,7.69
JAND MC,ATTOCK DISTRICT,56254,27724,28526,4,5.71
KHALABAT MC,HARIPUR DISTRICT,55850,27272,28577,1,6.23
MANDI AHMAD ABAD TC,OKARA DISTRICT,54860,27819,27033,8,6.81
KINGRI (PIRJO GOTH) MC,KHAIRPUR DISTRICT,54266,28221,26041,4,6.82
SAFDARABAD MC,SHEIKHUPURA DISTRICT,54242,27365,26868,9,6.73
NAUDERO MC,LARKANA DISTRICT,52846,27208,25629,9,5.31
HYDERABAD CANTONMENT (Part of Hyderabad City Taluka),HYDERABAD DISTRICT,52827,29019,23807,1,6.08
PABBI MC,NOWSHERA DISTRICT,52701,26626,26073,2,6.38
ZAFARWAL MC,NAROWAL DISTRICT,52639,26730,25892,17,6.44
LALIAN MC,CHINIOT DISTRICT,52542,26246,26240,56,5.77
MITHI MC,THARPARKAR DISTRICT,52376,27677,24698,1,5.37
FATEH PUR MC,LAYYAH DISTRICT,52255,26515,25720,20,6.33
KORANGI CREEK CANTONMENT (Part of Korangi Sub-Division),KORANGI DISTRICT,52186,27774,24410,2,6.26
DUNYAPUR MC,LODHRAN DISTRICT,51888,26556,25316,16,6.08
MATTA MC,SWAT DISTRICT,51821,26542,25278,1,7.43
MANAWALA JODH SINGH MC,SHEIKHUPURA DISTRICT,51746,26028,25712,6,6.09
THATTA MC,THATTA DISTRICT,51723,26057,25659,7,5.49
MANDI BAHAUDDIN,DISTRICT,51327,25435,25876,16,5.86
UBAURO TC,GHOTKI DISTRICT,50981,26418,24557,6,5.76
KHAIR PUR NATHAN SHAH MC,DADU DISTRICT,50786,25170,25615,1,4.73
SUKHEKE MC,HAFIZABAD DISTRICT,50458,25308,25146,4,6.36
JAHANIAN MC,KHANEWAL DISTRICT,50318,25574,24732,12,6.13
TANDLIAN WALA MC,FAISALABAD DISTRICT,49680,25618,24056,6,6.54
SILLANWALI MC,SARGODHA DISTRICT,49311,24797,24507,7,6.95
TUMP MC,KECH DISTRICT,49269,27158,22109,2,3.12
KUNDIAN MC,MIANWALI DISTRICT,48658,24899,23757,2,5.83
NUSHKI MC,NUSHKI DISTRICT,48572,25470,23101,1,6.69
KHADIAN MC,KASUR DISTRICT,48519,24385,24127,7,6.24
NAL MC,KHUZDAR DISTRICT,48481,26917,21563,1,7.86
SHARAK PUR MC,SHEIKHUPURA DISTRICT,48019,23672,24343,4,6.14
TIMARGARA MC,LOWER DIR DISTRICT,47860,24419,23440,1,7.88
DIR TC,UPPER DIR DISTRICT,47842,24307,23534,1,7.24
KARACHI SOUTH,DISTRICT,47759,26582,21168,9,5.95
TOBA TEK SINGH,DISTRICT,47376,24477,22859,40,6.07
KHAIRPUR TAMEWALI MC,BAHAWALPUR DISTRICT,47284,23782,23497,5,5.94
SHORKOT MC,JHANG DISTRICT,47248,24110,23094,44,6.11
CHITKAN MUNICIPAL CORPORATION,PANJGUR DISTRICT,47034,23951,23077,6,8.36
KHANOZAI MC,PISHIN DISTRICT,46682,23597,23084,1,6.74
SARANAN MC,PISHIN DISTRICT,46512,23428,23083,1,5.68
BHIT SHAH TC,MATIARI DISTRICT,45345,22706,22637,2,6.13
HADALI MC,KHUSHAB DISTRICT,45302,23056,22242,4,6.23
MACH MC,KACHHI DISTRICT,44542,23584,20952,6,19.20
KHARIAN MC,GUJRAT DISTRICT,44513,22147,22334,32,6.32
KALAT MC,KALAT DISTRICT,44440,22965,21474,1,8.55
JALALPUR BHATTIAN MC,HAFIZABAD DISTRICT,44421,22722,21693,6,6.84
NAUSHAHRO FEROZE,DISTRICT,44382,22225,22152,5,5.86
HAZRO MC,ATTOCK DISTRICT,44242,22296,21942,4,6.66
BADAH TC,LARKANA DISTRICT,43756,22516,21239,1,5.80
HANGU MC,HANGU DISTRICT,43642,21980,21661,1,7.74
KARACHI SOUTH,DISTRICT,43507,23562,19941,4,4.81
PASNI MC,GWADAR DISTRICT,43494,22805,20684,5,5.94
BHAN TC,JAMSHORO DISTRICT,43108,22055,21050,3,5.43
GARH MAHARAJA MC,JHANG DISTRICT,42401,21953,20436,12,5.65
SHAHPUR CHAKAR TC,SANGHAR DISTRICT,42365,21555,20809,1,5.99
AMANGARH TC,NOWSHERA DISTRICT,42159,21482,20676,1,6.65
DERA ISMAIL KHAN,DISTRICT,42005,21926,20078,1,6.41
JATIA TC,SANGHAR DISTRICT,41993,21367,20625,1,6.10
DIGRI TC,MIRPUR KHAS DISTRICT,41774,22060,19710,4,6.70
TANDO MUHAMMAD,KHAN DISTRICT,41277,21576,19700,1,5.45
TANDO JAN MUHAMMAD TC,MIRPUR KHAS DISTRICT,41188,21521,19664,3,5.81
CHOA SAIDAN SHAH MC,CHAKWAL DISTRICT,41074,20773,20285,16,6.73
BANNU MC,BANNU DISTRICT,41015,22174,18834,7,6.95
MIANI TC,SARGODHA DISTRICT,40781,20404,20376,1,6.02
NAWAN SHEHR TC,ABBOTTABAD DISTRICT,40711,20177,20533,1,6.12
DAJAL TC,RAJANPUR DISTRICT,40666,20058,20607,1,6.43
MUZAFFARGARH,DISTRICT,40593,20271,20321,1,5.77
CHOWNDIKO TC,KHAIRPUR DISTRICT,40305,20502,19801,2,5.15
MAMU KANJAN MC,FAISALABAD DISTRICT,40249,20913,19329,7,6.33
GHARO TC,THATTA DISTRICT,40220,20342,19876,2,5.94
JOHI TC,DADU DISTRICT,40086,20341,19743,2,5.53
SADDA TC,KURRAM DISTRICT,39888,21193,18694,1,10.12
BHAWANA MC,CHINIOT DISTRICT,39270,19699,19561,10,6.44
HYDERABAD CANTONMENT (Part of Latifabad Taluka),HYDERABAD DISTRICT,39190,20862,18323,5,5.80
BAHAWALNAGAR,DISTRICT,39150,20294,18849,7,6.28
SUJAWAL TC,SUJAWAL DISTRICT,38736,19782,18949,5,5.69
FAQIRABAD TC,KHAIRPUR DISTRICT,38630,19717,18900,13,5.92
KANGANPUR MC,KASUR DISTRICT,38568,20069,18491,8,6.53
KAMEER TC,SAHIWAL DISTRICT,38394,19507,18874,13,6.67
PACCA CHANG TC,KHAIRPUR DISTRICT,38385,19436,18947,2,5.15
KAROR LAL ESAN MC,LAYYAH DISTRICT,38375,19496,18864,15,6.00
KAMBAR SHAHDAD KOT,DISTRICT,38105,20135,17967,3,5.81
AHMADPUR SIAL MC,JHANG DISTRICT,37801,19208,18590,3,6.14
MUZAFFARGARH,DISTRICT,37644,18569,19074,1,6.16
SOHAWA MC,JHELUM DISTRICT,37488,18629,18855,4,6.01
JHUDO TC,MIRPUR KHAS DISTRICT,37379,19870,17508,1,6.09
UTHAL MC,LASBELA DISTRICT,37071,19480,17590,1,6.37
KOTLI LOHARAN TC,SIALKOT DISTRICT,37063,18482,18580,1,6.61
TANDO GHULAM ALI TC,BADIN DISTRICT,36961,19239,17720,2,4.95
FAROOKA TC,SARGODHA DISTRICT,36704,18392,18309,3,6.52
SHAHEED,BENAZIRABAD DISTRICT,36588,18290,18292,6,6.27
KHEWRA MC,JHELUM DISTRICT,36552,18586,17960,6,5.59
KOT DIJI TC,KHAIRPUR DISTRICT,36418,18961,17450,7,5.78
RAHIM YAR KHAN,DISTRICT,36223,18681,17512,30,6.52
RISALPUR CANTONMENT,NOWSHERA DISTRICT,36074,20535,15536,3,6.42
SHAHEED,BENAZIRABAD DISTRICT,35662,18460,17201,1,6.02
TANDO ALLAHYAR,DISTRICT,35397,17920,17474,3,4.85
KILLA ABDULLAH,DISTRICT,35384,19725,15657,2,5.55
SHAHEED FAZAL RAHU TC,BADIN DISTRICT,35313,18395,16917,1,5.55
LIAQATABAD MC,MIANWALI DISTRICT,35297,18441,16845,11,5.89
WINDER MC,LASBELA DISTRICT,35245,17812,17432,1,4.81
TULAMBA TC,KHANEWAL DISTRICT,35069,18158,16910,1,6.14
NANKANA SAHIB,DISTRICT,35053,18023,17026,4,6.27
KHANQAH DOGRAN MC,SHEIKHUPURA DISTRICT,34949,17540,17407,2,6.82
SOBHO DERO TC,KHAIRPUR DISTRICT,34812,17524,17287,1,6.27
NOWSHERA CANTONMENT,NOWSHERA DISTRICT,34481,20382,14076,23,8.03
RANIPUR TC,KHAIRPUR DISTRICT,34337,17299,17035,3,6.34
KALUR KOT MC,BHAKKAR DISTRICT,34319,17810,16508,1,7.27
LAKHI TC,SHIKARPUR DISTRICT,33588,15911,17673,4,8.15
SHADIWAL TC,GUJRAT DISTRICT,33437,16785,16650,2,6.59
MITHA TAWANA MC,KHUSHAB DISTRICT,32870,16721,16143,6,5.78
SITA ROAD TC,DADU DISTRICT,32760,16608,16147,5,5.33
SETHARJA TC,KHAIRPUR DISTRICT,32741,16640,16100,1,5.82
RADHAN TC,DADU DISTRICT,32721,16372,16344,5,5.27
KHANGARH TC,GHOTKI DISTRICT,32648,16754,15893,1,5.08
MUZAFFARGARH,DISTRICT,32161,16360,15799,2,6.67
HINGORJA TC,KHAIRPUR DISTRICT,32159,16324,15832,3,6.26
NAUSHAHRO FEROZE,DISTRICT,31936,16439,15495,2,5.46
KOHAT CANTONMENT,KOHAT DISTRICT,31051,16199,14848,4,5.98
FAISAL CANTONMENT (Part of Airport Sub-Division),MALIR DISTRICT,30981,15760,15218,3,6.05
TALL MC,HANGU DISTRICT,30977,15799,15177,1,8.11
JAMKE CHEEMA TC,SIALKOT DISTRICT,30698,15403,15293,2,6.39
KAMBAR SHAHDAD KOT,DISTRICT,30646,15832,14812,2,5.22
NAUSHAHRO FEROZE,DISTRICT,30527,15418,15108,1,5.32
EMINABAD TC,GUJRANWALA DISTRICT,30399,15357,15038,4,6.81
DHANOTE TC,LODHRAN DISTRICT,30328,15557,14767,4,5.00
18-HAZARI MC,JHANG DISTRICT,30137,15557,14565,15,5.41
KOT GHULAM MUHAMMAD TC,MIRPUR KHAS DISTRICT,30088,15681,14405,2,5.30
FAISAL CANTONMENT (Part of Shah Faisal Sub-Division),KORANGI DISTRICT,30064,15950,14113,1,5.74
SAMASATTA TC,BAHAWALPUR DISTRICT,29622,15411,14181,30,6.03
TIBBA SULTANPUR TC,VEHARI DISTRICT,29596,15047,14547,2,6.48
BELA MC,LASBELA DISTRICT,29380,15877,13502,1,7.38
KHOSKI TC,BADIN DISTRICT,29324,15087,14236,1,4.80
SALEHPAT TC,SUKKUR DISTRICT,29068,15348,13718,2,5.30
MAKHDOOMPUR PAHORAN TC,KHANEWAL DISTRICT,29065,14913,14149,3,6.32
AWARAN MC,AWARAN DISTRICT,28780,14675,14101,4,7.22
SHAHEED,BENAZIRABAD DISTRICT,28610,14441,14152,17,5.73
PIND DADAN KHAN MC,JHELUM DISTRICT,28197,14425,13771,1,5.84
JALLA JEEM TC,VEHARI DISTRICT,28096,14172,13923,1,5.96
KALLAR KAHAR MC,CHAKWAL DISTRICT,27928,15109,12818,1,6.11
KALABAGH MC,MIANWALI DISTRICT,27916,13723,14186,7,5.58
KARAMPUR TC,VEHARI DISTRICT,27840,14303,13535,2,6.47
ISA KHEL MC,MIANWALI DISTRICT,27612,13692,13918,2,5.61
QADIRPUR RAN TC,MULTAN DISTRICT,27278,13610,13659,9,5.14
DAULTALA MC,RAWALPINDI DISTRICT,27237,13303,13932,2,5.99
TALHAR TC,BADIN DISTRICT,27231,13986,13241,4,4.55
SHAHPUR CITY TC,SARGODHA DISTRICT,27217,13984,13230,3,6.19
DOKRI TC,LARKANA DISTRICT,27125,14094,13028,3,5.58
NAUSHAHRO FEROZE,DISTRICT,27092,13567,13521,4,6.00
RAHIM YAR KHAN,DISTRICT,27029,13758,13270,1,6.74
BANGLA GOGERA TC,OKARA DISTRICT,26697,13539,13146,12,6.52
KAMBAR SHAHDAD KOT,DISTRICT,26679,14061,12617,1,7.55
KUNRI TC,UMER KOT DISTRICT,26609,13565,13043,1,5.97
PHULARWAN TC,SARGODHA DISTRICT,25749,12757,12988,4,5.68
JIWANI MC,GWADAR DISTRICT,25332,13918,11410,4,8.94
THARI MIRWAH TC,KHAIRPUR DISTRICT,25264,12777,12484,3,5.67
BAHAWALNAGAR,DISTRICT,25075,13082,11989,4,6.47
TANDO MIR ALI TC,KHAIRPUR DISTRICT,24605,12611,11993,1,6.13
QUAIDABAD MC,KHUSHAB DISTRICT,24520,13123,11393,4,7.29
KHUHRA TC,KHAIRPUR DISTRICT,24341,12214,12124,3,5.84
GANDAWA MC,JHAL MAGSI DISTRICT,24130,11510,12618,2,6.53
NEW SAEEDABAD TC,MATIARI DISTRICT,24084,12079,12003,2,5.75
MIRWAH TC,MIRPUR KHAS DISTRICT,23048,12047,10998,3,5.22
TANDO BAGO MC,BADIN DISTRICT,22786,11634,11150,2,4.65
MATIARI TC,MATIARI DISTRICT,22517,11374,11141,2,5.26
BHOPALWALA TC,SIALKOT DISTRICT,22336,11323,11012,1,6.36
HARNOLI TC,MIANWALI DISTRICT,22316,11653,10660,3,6.38
RAJO KHANANI TC,BADIN DISTRICT,21513,11118,10392,3,4.73
KANDHRA TC,SUKKUR DISTRICT,21465,11657,9807,1,6.97
BERANI TC,SANGHAR DISTRICT,20946,10555,10389,2,5.03
SARAI SIDHU TC,KHANEWAL DISTRICT,20899,10575,10318,6,7.49
HINGORNO TC,MIRPUR KHAS DISTRICT,20569,10855,9713,1,5.28
MADEJI TC,SHIKARPUR DISTRICT,20530,10096,10432,2,5.03
KAMBAR SHAHDAD KOT,DISTRICT,20428,10669,9758,1,5.98
SHORKOT CANTONMENT (Part of Shorkot Tehsil),JHANG DISTRICT,20246,10182,10061,3,5.63
AGRA TC,KHAIRPUR DISTRICT,20222,10198,10014,10,6.25
KARAMPUR TC,KASHMORE DISTRICT,20050,10184,9859,7,9.01
TANDO ALLAHYAR,DISTRICT,20037,10041,9995,1,4.96
GARHI KHAIRO TC,JACOBABAD DISTRICT,20007,10165,9817,25,7.85
SOHRAB KHAN SARKI TC,JACOBABAD DISTRICT,19867,10199,9667,1,7.02
QILA SOBHA SINGH TC,NAROWAL DISTRICT,19671,10114,9556,1,6.59
JHOL TC,SANGHAR DISTRICT,19364,9778,9579,7,5.51
BADHOMALHI TC,NAROWAL DISTRICT,19351,9868,9482,1,6.19
RASOOL NAGAR TC,GUJRANWALA DISTRICT,19315,9665,9647,3,7.38
SHAHEED,BENAZIRABAD DISTRICT,19127,9655,9471,1,5.60
SHAKARDARA TC,KOHAT DISTRICT,19018,9903,9113,2,6.53
HAVELIAN MC,ABBOTTABAD DISTRICT,18916,9655,9219,42,6.16
SHAHEED,BENAZIRABAD DISTRICT,18798,9562,9235,1,5.59
BHAG MC,KACHHI DISTRICT,18634,9128,9505,1,5.41
NOWSHERA MC,KHUSHAB DISTRICT,18577,8989,9587,1,5.89
CHUHAR JAMALI TC,SUJAWAL DISTRICT,18354,9748,8605,1,5.03
MANKERA MC,BHAKKAR DISTRICT,18234,9599,8633,2,5.37
GUJAR MASHKAI MC,AWARAN DISTRICT,18056,9432,8623,1,7.38
KHANPUR TC,SHIKARPUR DISTRICT,18052,8918,9133,1,5.02
TANDO ALLAHYAR,DISTRICT,17669,8858,8810,1,4.89
BAFFA TC,MANSEHRA DISTRICT,17556,9107,8447,2,6.04
THANO BULA KHAN TC,JAMSHORO DISTRICT,17462,9123,8337,2,4.48
BABARLOI TC,KHAIRPUR DISTRICT,17432,8823,8608,1,5.61
BAGH TC,JHANG DISTRICT,16560,8538,8020,2,6.27
MAKHDOOM RASHID TC,MULTAN DISTRICT,16418,8162,8255,1,5.54
DUREJI MC,LASBELA DISTRICT,15688,8090,7595,3,5.12
BARKHAN MC,BARKHAN DISTRICT,14425,7398,7026,1,9.81
HARNAI MC,HARNAI DISTRICT,14277,7157,7119,1,6.74
DIPLO TC,THARPARKAR DISTRICT,13257,6815,6440,2,4.72
PHULJI TC,DADU DISTRICT,12700,6416,6283,1,5.65
MIRPUR SAKRO TC,THATTA DISTRICT,12454,6337,6114,3,6.06
DOABA TC,HANGU DISTRICT,11108,5620,5486,2,8.71
DARO TC,SUJAWAL DISTRICT,10847,5431,5415,1,5.18
MIRPUR BATHORO TC,SUJAWAL DISTRICT,10462,5161,5293,8,5.71
JATI TC,SUJAWAL DISTRICT,10448,5247,5200,1,5.25
NINDO TC,BADIN DISTRICT,10151,5175,4974,2,5.57
DUKI MC,DUKI DISTRICT,9783,5281,4499,3,3.27
TANDO MUHAMMAD,KHAN DISTRICT,6459,3337,3121,1,4.91
JAM NAWAZ ALI TC,SANGHAR DISTRICT,6311,3185,3125,1,6.34
SHADI PALI TC,UMER KOT DISTRICT,5915,3108,2805,2,5.43
NORTH WAZIRISTAN,DISTRICT,4131,2265,1865,1,6.77
ZIARAT MC,ZIARAT DISTRICT,3863,1923,1939,1,5.69
KARACHI SOUTH,DISTRICT,2664,1458,1204,2,4.97
